1467829591720,小,1586
1467829591720,こん,1592
1467829591720,今夏,1648
1467829591720,今回,1654
1467829591720,今回は,1907
1467829591720,今回はまた,2450
1467829591720,今回は私,2554
1467829591720,今回は私と,2817
1467829591720,今回は私たち,2827
1467829591720,今回は私たちが,3097
1467829591720,今回は私たちがつく,3246
1467829591720,今回は私たちが作っ,3493
1467829591720,今回は私たちが作った,3628
1467829591720,今回は私たちが作った理由,4074
1467829591720,今回は私たちが作った化粧,4147
1467829591720,今回は私たちが作った化粧品,4414
1467829591720,今回は私たちが作った化粧品を,4673
1467829591720,今回は私たちが作った化粧品を売る,4931
1467829591720,今回は私たちが作った化粧品を売るた,5193
1467829591720,今回は私たちが作った化粧品を売るため,5201
1467829591720,今回は私たちが作った化粧品を売るための,5455
1467829591720,今回は私たちが作った化粧品を売るための印紙,6169
1467829591720,今回は私たちが作った化粧品を売るための妊娠,6317
1467829591720,今回は私たちが作った化粧品を売るためのいい歯医者,6536
1467829591720,今回は私たちが作った化粧品を売るための妊娠妻,6642
1467829591720,今回は私たちが作った化粧品を売るための,6779
1467829591720,今回は私たちが作った化粧品を売るための,7054
1467829591720,今回は私たちが作った化粧品を売るための,7175
1467829591720,今回は私たちが作った化粧品を売るための,7205
1467829591720,今回は私たちが作った化粧品を売るための,7443
1467829591720,今回は私たちが作った化粧品を売るための,7452
1467829591720,今回は私たちが作った化粧品を売るための pc,7552
1467829591720,今回は私たちが作った化粧品を売るための pc サイトですからね,8495