1467828792008,音,1461
1467828792008,音声,1473
1467828792008,温泉,1513
1467828792008,温泉マン,1816
1467828792008,温泉マイ,1929
1467828792008,温泉はあり,1970
1467828792008,温泉有馬,2046
1467828792008,温泉はあります,2178
1467828792008,温泉もありますし,2580
1467828792008,温泉もありますし,3404
1467828792008,温泉もありますして,3513
1467828792008,温泉もありますし移動,3549
1467828792008,温泉もありますしうどん,3753
1467828792008,温泉もありますし移動も,3781
1467828792008,温泉もありますし移動モス,3912
1467828792008,温泉もありますしイドモスク,4034
1467828792008,温泉もありますし移動も少な,4130
1467828792008,温泉もありますし移動も少なく,4262
1467828792008,温泉もありますし移動も少なくて,4397
1467828792008,温泉もありますし移動も少なくてすん,4659
1467828792008,温泉もありますし移動も少なくて済む,4666
1467828792008,温泉もありますし移動も少なくて済むで,4918
1467828792008,温泉もありますし移動も少なくてすむでしょう,4925
1467828792008,温泉もありますし移動も少なくてすむでしょう,5704